scientific_name,vernacular_ph,family,n_occurrences,lat_mean,lon_mean,hpi,hpi_band,hpi_confidence,component_rarity,component_climate,component_harvest,component_pa_gap,climate_imputed,harvest_imputed,pa_gap_imputed,notes,endemism_proxy,demo_iucn_note,data_source_note,frac_in_protected,frac_in_protected_proxy,mean_dist_to_pa_km,recent_occurrence_frac,climate_stress_raw,climate_anomaly_proxy,bio1_mean,bio1_std,bio12_mean,bio15_mean,climate_method,climate_source,pa_source,pa_method,iucn_category,iucn_category_code,iucn_status,iucn_note,iucn_assessment_id,iucn_year,harvest_concern_flag
Mentha × piperita,yerba buena,Lamiaceae,0,,,0.5558806124444882,Moderate,0.49,0.715,0.5505224497779527,0.375,0.55,True,True,True,DOH-listed mint complex; analgesic traditional use — ethnobotany only,cultivated,not assessed in demo,no_occurrences,,,,,,,,,,,"WorldClim 2.1 10-arcmin bio1/bio12/bio15 clipped to SEA bbox (lon 95–141, lat −11–28); stress = niche squeeze + seasonality + thermal anomaly",worldclim_2.1_10m_sea,WDPCA Philippines polygons (UNEP-WCMC via HDX); license: Protected Planet / WDPA terms — research/education citation required,Point-in-polygon overlap + geodesic-approx distance (degrees→km at lat) to nearest WDPCA polygon; species frac_in_protected & mean_dist_to_pa_km,,,not_queried,Set IUCN_API_TOKEN to query API v4. Free signup: https://api.iucnredlist.org/users/sign_up. Do not invent categories.,,,0
Arcangelisia flava,abutra,Menispermaceae,60,11.047462783333337,121.97347165000001,0.5189827110265369,Moderate,0.85,0.165,0.5462335152876294,0.8438707479857905,0.6097832260409098,False,False,False,yellow root; jaundice traditional — ethnobotany only; harvest pressure concern,SEA_forest,not assessed in demo — verify IUCN separately,gbif_sample,0.4,0.4,5.435125578283256,0.0,0.4059773310297828,0.4059773310297828,26.388630801233752,1.0548675597015114,2555.3793103448274,56.78315182389884,"WorldClim 2.1 10-arcmin bio1/bio12/bio15 clipped to SEA bbox (lon 95–141, lat −11–28); stress = niche squeeze + seasonality + thermal anomaly",worldclim_2.1_10m_sea,WDPCA Philippines polygons (UNEP-WCMC via HDX); license: Protected Planet / WDPA terms — research/education citation required,Point-in-polygon overlap + geodesic-approx distance (degrees→km at lat) to nearest WDPCA polygon; species frac_in_protected & mean_dist_to_pa_km,,,not_queried,Set IUCN_API_TOKEN to query API v4. Free signup: https://api.iucnredlist.org/users/sign_up. Do not invent categories.,,,1
Lagerstroemia speciosa,banaba,Lythraceae,60,13.608896633333332,121.58130195,0.5075088582784102,Moderate,0.85,0.105,0.8755677100200229,0.283397730602634,0.9313374906137295,False,False,False,pride of India; diabetes traditional — ethnobotany only,PH_SEA,not assessed in demo,gbif_sample,0.08333333333333333,0.08333333333333333,5.334845071659234,1.0,0.4912074900481758,0.4912074900481758,26.908702437082926,0.7532281719202399,2294.633333333333,74.10892502466838,"WorldClim 2.1 10-arcmin bio1/bio12/bio15 clipped to SEA bbox (lon 95–141, lat −11–28); stress = niche squeeze + seasonality + thermal anomaly",worldclim_2.1_10m_sea,WDPCA Philippines polygons (UNEP-WCMC via HDX); license: Protected Planet / WDPA terms — research/education citation required,Point-in-polygon overlap + geodesic-approx distance (degrees→km at lat) to nearest WDPCA polygon; species frac_in_protected & mean_dist_to_pa_km,,,not_queried,Set IUCN_API_TOKEN to query API v4. Free signup: https://api.iucnredlist.org/users/sign_up. Do not invent categories.,,,0
Tinospora crispa,makabuhay,Menispermaceae,60,10.482368533333332,123.10424296666666,0.4972003514798775,Moderate,0.85,0.075,0.7583105943303181,0.340490811589192,1.0,False,False,False,bitter vine; fever/malaria traditional — ethnobotany only,SEA,not assessed in demo,gbif_sample,0.016666666666666666,0.016666666666666666,13.94690603041798,0.8888888888888888,0.45386656977669765,0.45386656977669765,26.484368546803793,0.6477473974111465,2746.15,57.57890464464823,"WorldClim 2.1 10-arcmin bio1/bio12/bio15 clipped to SEA bbox (lon 95–141, lat −11–28); stress = niche squeeze + seasonality + thermal anomaly",worldclim_2.1_10m_sea,WDPCA Philippines polygons (UNEP-WCMC via HDX); license: Protected Planet / WDPA terms — research/education citation required,Point-in-polygon overlap + geodesic-approx distance (degrees→km at lat) to nearest WDPCA polygon; species frac_in_protected & mean_dist_to_pa_km,,,not_queried,Set IUCN_API_TOKEN to query API v4. Free signup: https://api.iucnredlist.org/users/sign_up. Do not invent categories.,,,0
Vitex negundo,lagundi,Lamiaceae,60,12.438411866666666,122.49301208333331,0.4859740903339355,Moderate,0.85,0.0,0.7763351197312827,0.37147600035581047,0.9951065515608112,False,False,False,DOH-approved herbal; cough/asthma traditional use — ethnobotany only,widespread,not assessed in demo — check IUCN Red List API,gbif_sample,0.03333333333333333,0.03333333333333333,9.806856860049843,0.85,0.46841598276067276,0.46841598276067276,26.359524281819663,0.8728993063239738,2601.7,68.95921087265015,"WorldClim 2.1 10-arcmin bio1/bio12/bio15 clipped to SEA bbox (lon 95–141, lat −11–28); stress = niche squeeze + seasonality + thermal anomaly",worldclim_2.1_10m_sea,WDPCA Philippines polygons (UNEP-WCMC via HDX); license: Protected Planet / WDPA terms — research/education citation required,Point-in-polygon overlap + geodesic-approx distance (degrees→km at lat) to nearest WDPCA polygon; species frac_in_protected & mean_dist_to_pa_km,,,not_queried,Set IUCN_API_TOKEN to query API v4. Free signup: https://api.iucnredlist.org/users/sign_up. Do not invent categories.,,,0
Garcinia mangostana,mangosteen,Clusiaceae,60,9.072462300000002,123.40922328333335,0.46622555973530866,Moderate,0.85,0.03,0.6456895042367501,0.4,0.9790159183806058,False,False,False,SEA fruit tree; pericarp traditional — ethnobotany only,SEA_cultivated,not assessed in demo,gbif_sample,0.08333333333333333,0.08333333333333333,22.672455168705145,1.0,0.42099379161178696,0.42099379161178696,26.700728193918863,0.49346652317479384,2450.8333333333335,42.953436549504595,"WorldClim 2.1 10-arcmin bio1/bio12/bio15 clipped to SEA bbox (lon 95–141, lat −11–28); stress = niche squeeze + seasonality + thermal anomaly",worldclim_2.1_10m_sea,WDPCA Philippines polygons (UNEP-WCMC via HDX); license: Protected Planet / WDPA terms — research/education citation required,Point-in-polygon overlap + geodesic-approx distance (degrees→km at lat) to nearest WDPCA polygon; species frac_in_protected & mean_dist_to_pa_km,,,not_queried,Set IUCN_API_TOKEN to query API v4. Free signup: https://api.iucnredlist.org/users/sign_up. Do not invent categories.,,,0
Artemisia vulgaris,damong maria,Asteraceae,60,10.767137733333334,122.91798405,0.46344676099259036,Moderate,0.85,0.0,0.6630304200850528,0.3907566238853085,1.0,False,False,False,mugwort; menstrual traditional — ethnobotany only,widespread,not assessed in demo,gbif_sample,0.0,0.0,18.991022948115237,0.825,0.43494673297558595,0.43494673297558595,26.33123009999593,0.7936953142322354,2665.4166666666665,56.44945554733276,"WorldClim 2.1 10-arcmin bio1/bio12/bio15 clipped to SEA bbox (lon 95–141, lat −11–28); stress = niche squeeze + seasonality + thermal anomaly",worldclim_2.1_10m_sea,WDPCA Philippines polygons (UNEP-WCMC via HDX); license: Protected Planet / WDPA terms — research/education citation required,Point-in-polygon overlap + geodesic-approx distance (degrees→km at lat) to nearest WDPCA polygon; species frac_in_protected & mean_dist_to_pa_km,,,not_queried,Set IUCN_API_TOKEN to query API v4. Free signup: https://api.iucnredlist.org/users/sign_up. Do not invent categories.,,,0
Andrographis paniculata,sinta,Acanthaceae,60,11.13280465,123.05036854999999,0.4592320809152624,Moderate,0.85,0.06,0.6184588386138674,0.3464694850471821,1.0,False,False,False,king of bitters; fever traditional — ethnobotany only,SEA_India,not assessed in demo,gbif_sample,0.016666666666666666,0.016666666666666666,8.647936302647054,0.95,0.418116749658622,0.418116749658622,26.85571511586507,0.7204878226523164,2280.8166666666666,52.45849043528239,"WorldClim 2.1 10-arcmin bio1/bio12/bio15 clipped to SEA bbox (lon 95–141, lat −11–28); stress = niche squeeze + seasonality + thermal anomaly",worldclim_2.1_10m_sea,WDPCA Philippines polygons (UNEP-WCMC via HDX); license: Protected Planet / WDPA terms — research/education citation required,Point-in-polygon overlap + geodesic-approx distance (degrees→km at lat) to nearest WDPCA polygon; species frac_in_protected & mean_dist_to_pa_km,,,not_queried,Set IUCN_API_TOKEN to query API v4. Free signup: https://api.iucnredlist.org/users/sign_up. Do not invent categories.,,,0
Cymbopogon citratus,tanglad,Poaceae,60,11.756049666666666,122.49183799999999,0.45889278547610546,Moderate,0.85,0.015,0.6650220167964976,0.3525491251079242,1.0,False,False,False,lemongrass; digestive traditional — ethnobotany only,cultivated,not assessed in demo,gbif_sample,0.016666666666666666,0.016666666666666666,10.330232858830225,0.95,0.43696027474648846,0.43696027474648846,26.53574094772339,0.9679766844759882,2393.3,64.49327828089396,"WorldClim 2.1 10-arcmin bio1/bio12/bio15 clipped to SEA bbox (lon 95–141, lat −11–28); stress = niche squeeze + seasonality + thermal anomaly",worldclim_2.1_10m_sea,WDPCA Philippines polygons (UNEP-WCMC via HDX); license: Protected Planet / WDPA terms — research/education citation required,Point-in-polygon overlap + geodesic-approx distance (degrees→km at lat) to nearest WDPCA polygon; species frac_in_protected & mean_dist_to_pa_km,,,not_queried,Set IUCN_API_TOKEN to query API v4. Free signup: https://api.iucnredlist.org/users/sign_up. Do not invent categories.,,,0
Ehretia microphylla,tsaang gubat,Boraginaceae,60,12.230157966666669,122.58118346666666,0.45560488901466384,Moderate,0.85,0.105,0.6899181672888706,0.25783818349283016,0.9358290065961932,False,False,False,DOH-approved Carmona retusa synonym; diarrhea traditional — ethnobotany only,PH_SEA,not assessed in demo,gbif_sample,0.08333333333333333,0.08333333333333333,6.968123610736904,1.0,0.4532964251196909,0.4532964251196909,26.883283869425455,0.7074458747561359,2223.616666666667,61.75629375775655,"WorldClim 2.1 10-arcmin bio1/bio12/bio15 clipped to SEA bbox (lon 95–141, lat −11–28); stress = niche squeeze + seasonality + thermal anomaly",worldclim_2.1_10m_sea,WDPCA Philippines polygons (UNEP-WCMC via HDX); license: Protected Planet / WDPA terms — research/education citation required,Point-in-polygon overlap + geodesic-approx distance (degrees→km at lat) to nearest WDPCA polygon; species frac_in_protected & mean_dist_to_pa_km,,,not_queried,Set IUCN_API_TOKEN to query API v4. Free signup: https://api.iucnredlist.org/users/sign_up. Do not invent categories.,,,0
Pandanus amaryllifolius,pandan,Pandanaceae,60,11.742036350000003,122.79762316666665,0.4555141640900099,Moderate,0.85,0.03,0.8063598126163374,0.29565043835306487,0.8550580067382965,False,False,False,fragrant pandan; culinary/traditional — ethnobotany only,SEA_cultivated,not assessed in demo,gbif_sample,0.18333333333333332,0.18333333333333332,15.66993472311419,1.0,0.4781548339953641,0.4781548339953641,26.256279850006102,0.5315536297352701,2495.6,57.21988922754924,"WorldClim 2.1 10-arcmin bio1/bio12/bio15 clipped to SEA bbox (lon 95–141, lat −11–28); stress = niche squeeze + seasonality + thermal anomaly",worldclim_2.1_10m_sea,WDPCA Philippines polygons (UNEP-WCMC via HDX); license: Protected Planet / WDPA terms — research/education citation required,Point-in-polygon overlap + geodesic-approx distance (degrees→km at lat) to nearest WDPCA polygon; species frac_in_protected & mean_dist_to_pa_km,,,not_queried,Set IUCN_API_TOKEN to query API v4. Free signup: https://api.iucnredlist.org/users/sign_up. Do not invent categories.,,,0
Peperomia pellucida,ulasimang bato,Piperaceae,60,8.669104083333334,124.69391828333333,0.45484163509235465,Moderate,0.85,0.015,0.6397703480815107,0.36159619228790785,1.0,False,False,False,DOH-approved; gout/arthritis traditional use — ethnobotany only,widespread_tropics,not assessed in demo,gbif_sample,0.0,0.0,10.207497924160197,1.0,0.4200238109959394,0.4200238109959394,27.181389745076498,0.3092351558144533,2237.233333333333,29.229930210113526,"WorldClim 2.1 10-arcmin bio1/bio12/bio15 clipped to SEA bbox (lon 95–141, lat −11–28); stress = niche squeeze + seasonality + thermal anomaly",worldclim_2.1_10m_sea,WDPCA Philippines polygons (UNEP-WCMC via HDX); license: Protected Planet / WDPA terms — research/education citation required,Point-in-polygon overlap + geodesic-approx distance (degrees→km at lat) to nearest WDPCA polygon; species frac_in_protected & mean_dist_to_pa_km,,,not_queried,Set IUCN_API_TOKEN to query API v4. Free signup: https://api.iucnredlist.org/users/sign_up. Do not invent categories.,,,0
Jatropha curcas,tubang bakod,Euphorbiaceae,60,11.120989199999999,123.29841771666669,0.44014729933910735,Moderate,0.85,0.015,0.6150467532474537,0.32754244410897565,1.0,False,False,False,physic nut; fencing/traditional — ethnobotany only; toxic seeds,cultivated,not assessed in demo,gbif_sample,0.0,0.0,7.200270728183203,1.0,0.42138375063582795,0.42138375063582795,26.769929440816245,0.7667923965047954,2490.6,55.52108537356059,"WorldClim 2.1 10-arcmin bio1/bio12/bio15 clipped to SEA bbox (lon 95–141, lat −11–28); stress = niche squeeze + seasonality + thermal anomaly",worldclim_2.1_10m_sea,WDPCA Philippines polygons (UNEP-WCMC via HDX); license: Protected Planet / WDPA terms — research/education citation required,Point-in-polygon overlap + geodesic-approx distance (degrees→km at lat) to nearest WDPCA polygon; species frac_in_protected & mean_dist_to_pa_km,,,not_queried,Set IUCN_API_TOKEN to query API v4. Free signup: https://api.iucnredlist.org/users/sign_up. Do not invent categories.,,,0
Orthosiphon aristatus,balbas pusa,Lamiaceae,60,11.8052755,122.9021301,0.4337010025506881,Moderate,0.85,0.075,0.6554447659002833,0.2738426196094465,0.8943957808662785,False,False,False,cat's whiskers; kidney traditional — ethnobotany only,SEA,not assessed in demo,gbif_sample,0.13333333333333333,0.13333333333333333,10.665043922927596,1.0,0.4359269198148391,0.4359269198148391,26.663474114735923,0.7113386352644627,2380.85,56.629733355840045,"WorldClim 2.1 10-arcmin bio1/bio12/bio15 clipped to SEA bbox (lon 95–141, lat −11–28); stress = niche squeeze + seasonality + thermal anomaly",worldclim_2.1_10m_sea,WDPCA Philippines polygons (UNEP-WCMC via HDX); license: Protected Planet / WDPA terms — research/education citation required,Point-in-polygon overlap + geodesic-approx distance (degrees→km at lat) to nearest WDPCA polygon; species frac_in_protected & mean_dist_to_pa_km,,,not_queried,Set IUCN_API_TOKEN to query API v4. Free signup: https://api.iucnredlist.org/users/sign_up. Do not invent categories.,,,0
Curcuma longa,luyang dilaw,Zingiberaceae,60,11.993553599999997,122.53585385000001,0.42859342320500526,Moderate,0.85,0.015,0.5283875868478666,0.3725469093045537,0.9942989958345008,False,False,False,turmeric; anti-inflammatory traditional — ethnobotany only,cultivated,not assessed in demo,gbif_sample,0.03333333333333333,0.03333333333333333,9.528389368218637,1.0,0.39927670753720756,0.39927670753720756,26.56764335632324,1.2658163682552805,2430.9333333333334,61.64499565760295,"WorldClim 2.1 10-arcmin bio1/bio12/bio15 clipped to SEA bbox (lon 95–141, lat −11–28); stress = niche squeeze + seasonality + thermal anomaly",worldclim_2.1_10m_sea,WDPCA Philippines polygons (UNEP-WCMC via HDX); license: Protected Planet / WDPA terms — research/education citation required,Point-in-polygon overlap + geodesic-approx distance (degrees→km at lat) to nearest WDPCA polygon; species frac_in_protected & mean_dist_to_pa_km,,,not_queried,Set IUCN_API_TOKEN to query API v4. Free signup: https://api.iucnredlist.org/users/sign_up. Do not invent categories.,,,0
Combretum indicum,niyug-niyogan,Combretaceae,60,10.172420866666668,123.55839009999998,0.42782609572408475,Moderate,0.85,0.015,0.5781977976382968,0.33536573392225333,0.9746760641697361,False,False,False,DOH-approved Quisqualis indica synonym; anthelmintic traditional — ethnobotany only,cultivated,not assessed in demo,gbif_sample,0.05,0.05,8.658268129731987,1.0,0.40748249425970084,0.40748249425970084,26.757079792022704,0.6680117494816343,2035.7666666666667,47.60385961532593,"WorldClim 2.1 10-arcmin bio1/bio12/bio15 clipped to SEA bbox (lon 95–141, lat −11–28); stress = niche squeeze + seasonality + thermal anomaly",worldclim_2.1_10m_sea,WDPCA Philippines polygons (UNEP-WCMC via HDX); license: Protected Planet / WDPA terms — research/education citation required,Point-in-polygon overlap + geodesic-approx distance (degrees→km at lat) to nearest WDPCA polygon; species frac_in_protected & mean_dist_to_pa_km,,,not_queried,Set IUCN_API_TOKEN to query API v4. Free signup: https://api.iucnredlist.org/users/sign_up. Do not invent categories.,,,0
Annona muricata,guyabano,Annonaceae,60,9.33393565,124.0656938,0.42752784838799746,Moderate,0.85,0.015,0.5579048131785923,0.33594962462942846,0.9978211946799612,False,False,False,soursop; ethnobotanical use documented — ethnobotany only,cultivated,not assessed in demo,gbif_sample,0.03333333333333333,0.03333333333333333,10.742940694239516,1.0,0.39569938773718705,0.39569938773718705,26.929104868570963,0.611922208963164,2334.8166666666666,40.9243407090505,"WorldClim 2.1 10-arcmin bio1/bio12/bio15 clipped to SEA bbox (lon 95–141, lat −11–28); stress = niche squeeze + seasonality + thermal anomaly",worldclim_2.1_10m_sea,WDPCA Philippines polygons (UNEP-WCMC via HDX); license: Protected Planet / WDPA terms — research/education citation required,Point-in-polygon overlap + geodesic-approx distance (degrees→km at lat) to nearest WDPCA polygon; species frac_in_protected & mean_dist_to_pa_km,,,not_queried,Set IUCN_API_TOKEN to query API v4. Free signup: https://api.iucnredlist.org/users/sign_up. Do not invent categories.,,,0
Momordica charantia,ampalaya,Cucurbitaceae,60,8.529135466666666,124.93742946666666,0.41748886290240106,Moderate,0.85,0.03,0.5307090605736715,0.3032463910359326,1.0,False,False,False,DOH-approved; blood sugar traditional use — ethnobotany only,cultivated_wild,not assessed in demo,gbif_sample,0.0,0.0,8.801896361172636,1.0,0.3929433856362436,0.3929433856362436,27.092824459075928,0.3538678931386137,2260.7166666666667,25.161167097091674,"WorldClim 2.1 10-arcmin bio1/bio12/bio15 clipped to SEA bbox (lon 95–141, lat −11–28); stress = niche squeeze + seasonality + thermal anomaly",worldclim_2.1_10m_sea,WDPCA Philippines polygons (UNEP-WCMC via HDX); license: Protected Planet / WDPA terms — research/education citation required,Point-in-polygon overlap + geodesic-approx distance (degrees→km at lat) to nearest WDPCA polygon; species frac_in_protected & mean_dist_to_pa_km,,,not_queried,Set IUCN_API_TOKEN to query API v4. Free signup: https://api.iucnredlist.org/users/sign_up. Do not invent categories.,,,0
Phyllanthus niruri,sampasampalukan,Phyllanthaceae,33,10.195036696969698,123.51432193939394,0.41725550183033094,Moderate,0.85,0.11453098810836074,0.5013590811009158,0.23022574049037509,1.0,False,False,False,stonebreaker; liver/kidney traditional — ethnobotany only,widespread_tropics,not assessed in demo,gbif_sample,0.030303030303030304,0.030303030303030304,19.963851480352485,0.8181818181818182,0.39655636401366606,0.39655636401366606,26.117233157157898,0.8917162090418363,2854.53125,46.87155103683472,"WorldClim 2.1 10-arcmin bio1/bio12/bio15 clipped to SEA bbox (lon 95–141, lat −11–28); stress = niche squeeze + seasonality + thermal anomaly",worldclim_2.1_10m_sea,WDPCA Philippines polygons (UNEP-WCMC via HDX); license: Protected Planet / WDPA terms — research/education citation required,Point-in-polygon overlap + geodesic-approx distance (degrees→km at lat) to nearest WDPCA polygon; species frac_in_protected & mean_dist_to_pa_km,,,not_queried,Set IUCN_API_TOKEN to query API v4. Free signup: https://api.iucnredlist.org/users/sign_up. Do not invent categories.,,,0
Euphorbia hirta,tawa-tawa,Euphorbiaceae,60,8.810754766666667,124.67189565000002,0.40672228967426827,Moderate,0.85,0.0,0.4339942752115801,0.3928948834854928,1.0,False,False,False,asthma plant; dengue folklore — ethnobotany only NOT medical claim,widespread_weed,not assessed in demo,gbif_sample,0.0,0.0,9.08743751957064,1.0,0.3614416435719242,0.3614416435719242,26.998488267262776,0.6236817642891228,2240.4,31.030416107177736,"WorldClim 2.1 10-arcmin bio1/bio12/bio15 clipped to SEA bbox (lon 95–141, lat −11–28); stress = niche squeeze + seasonality + thermal anomaly",worldclim_2.1_10m_sea,WDPCA Philippines polygons (UNEP-WCMC via HDX); license: Protected Planet / WDPA terms — research/education citation required,Point-in-polygon overlap + geodesic-approx distance (degrees→km at lat) to nearest WDPCA polygon; species frac_in_protected & mean_dist_to_pa_km,,,not_queried,Set IUCN_API_TOKEN to query API v4. Free signup: https://api.iucnredlist.org/users/sign_up. Do not invent categories.,,,0
Areca catechu,bunga,Arecaceae,60,13.503919950000002,121.89625086666668,0.40602287165384643,Moderate,0.85,0.03,0.461358212737045,0.46043304624536546,0.8328752845412191,False,False,False,betel nut; cultural/traditional — ethnobotany only,SEA_cultivated,not assessed in demo,gbif_sample,0.18333333333333332,0.18333333333333332,6.615762397776474,0.3333333333333333,0.387807502712871,0.387807502712871,25.307548014322915,2.2141445759890805,2519.1833333333334,61.99920123418172,"WorldClim 2.1 10-arcmin bio1/bio12/bio15 clipped to SEA bbox (lon 95–141, lat −11–28); stress = niche squeeze + seasonality + thermal anomaly",worldclim_2.1_10m_sea,WDPCA Philippines polygons (UNEP-WCMC via HDX); license: Protected Planet / WDPA terms — research/education citation required,Point-in-polygon overlap + geodesic-approx distance (degrees→km at lat) to nearest WDPCA polygon; species frac_in_protected & mean_dist_to_pa_km,,,not_queried,Set IUCN_API_TOKEN to query API v4. Free signup: https://api.iucnredlist.org/users/sign_up. Do not invent categories.,,,0
Zingiber officinale,luya,Zingiberaceae,60,11.111420283333333,122.66963051666666,0.40571437115232506,Moderate,0.85,0.015,0.4279198205045238,0.37693766410477636,1.0,False,False,False,ginger; digestive traditional — ethnobotany only,cultivated,not assessed in demo,gbif_sample,0.03333333333333333,0.03333333333333333,15.00351775576755,0.8913043478260869,0.37119798292156986,0.37119798292156986,26.314647579193114,1.5541669243010765,2429.05,57.05789119402568,"WorldClim 2.1 10-arcmin bio1/bio12/bio15 clipped to SEA bbox (lon 95–141, lat −11–28); stress = niche squeeze + seasonality + thermal anomaly",worldclim_2.1_10m_sea,WDPCA Philippines polygons (UNEP-WCMC via HDX); license: Protected Planet / WDPA terms — research/education citation required,Point-in-polygon overlap + geodesic-approx distance (degrees→km at lat) to nearest WDPCA polygon; species frac_in_protected & mean_dist_to_pa_km,,,not_queried,Set IUCN_API_TOKEN to query API v4. Free signup: https://api.iucnredlist.org/users/sign_up. Do not invent categories.,,,0
Blumea balsamifera,sambong,Asteraceae,60,11.992833666666668,123.03217886666668,0.40129604613831726,Moderate,0.85,0.0,0.5572522203207314,0.26934271675226207,0.9732365593503445,False,False,False,DOH-approved; diuretic traditional use — ethnobotany only,widespread,not assessed in demo,gbif_sample,0.05,0.05,8.153178719419111,1.0,0.4128729714423297,0.4128729714423297,26.556881109873455,0.8653346013051629,2461.6833333333334,54.604429181416826,"WorldClim 2.1 10-arcmin bio1/bio12/bio15 clipped to SEA bbox (lon 95–141, lat −11–28); stress = niche squeeze + seasonality + thermal anomaly",worldclim_2.1_10m_sea,WDPCA Philippines polygons (UNEP-WCMC via HDX); license: Protected Planet / WDPA terms — research/education citation required,Point-in-polygon overlap + geodesic-approx distance (degrees→km at lat) to nearest WDPCA polygon; species frac_in_protected & mean_dist_to_pa_km,,,not_queried,Set IUCN_API_TOKEN to query API v4. Free signup: https://api.iucnredlist.org/users/sign_up. Do not invent categories.,,,0
Ocimum basilicum,sulasi,Lamiaceae,60,11.407537066666668,123.00384289999998,0.4009605419155869,Moderate,0.85,0.015,0.42440015037488604,0.43260518438607826,0.9110460411267289,False,False,False,basil; respiratory traditional — ethnobotany only,cultivated,not assessed in demo,gbif_sample,0.13333333333333333,0.13333333333333333,17.06899017694703,0.25,0.374232564821681,0.374232564821681,26.231795682745464,1.308323208962529,2768.9661016949153,52.41970185102043,"WorldClim 2.1 10-arcmin bio1/bio12/bio15 clipped to SEA bbox (lon 95–141, lat −11–28); stress = niche squeeze + seasonality + thermal anomaly",worldclim_2.1_10m_sea,WDPCA Philippines polygons (UNEP-WCMC via HDX); license: Protected Planet / WDPA terms — research/education citation required,Point-in-polygon overlap + geodesic-approx distance (degrees→km at lat) to nearest WDPCA polygon; species frac_in_protected & mean_dist_to_pa_km,,,not_queried,Set IUCN_API_TOKEN to query API v4. Free signup: https://api.iucnredlist.org/users/sign_up. Do not invent categories.,,,0
Piper betle,ikmo,Piperaceae,60,12.264403733333333,122.41630536666666,0.3907616553224075,Moderate,0.85,0.03,0.45106528215007297,0.3700101155695008,0.8824640294625703,False,False,False,betel leaf; oral traditional — ethnobotany only,SEA_cultivated,not assessed in demo,gbif_sample,0.15,0.15,12.730991946105998,0.45,0.3903107816800991,0.3903107816800991,26.239533990116442,1.3139245377221482,2460.6101694915255,57.20241989523677,"WorldClim 2.1 10-arcmin bio1/bio12/bio15 clipped to SEA bbox (lon 95–141, lat −11–28); stress = niche squeeze + seasonality + thermal anomaly",worldclim_2.1_10m_sea,WDPCA Philippines polygons (UNEP-WCMC via HDX); license: Protected Planet / WDPA terms — research/education citation required,Point-in-polygon overlap + geodesic-approx distance (degrees→km at lat) to nearest WDPCA polygon; species frac_in_protected & mean_dist_to_pa_km,,,not_queried,Set IUCN_API_TOKEN to query API v4. Free signup: https://api.iucnredlist.org/users/sign_up. Do not invent categories.,,,0
Allium sativum,bawang,Amaryllidaceae,60,11.93533333333333,122.75734999999999,0.3888185039974786,Moderate,0.85,0.015,0.4401784072604063,0.33178990601280545,0.9566321283958781,False,False,False,DOH-approved; hypertension traditional use — ethnobotany only,cultivated,not assessed in demo,gbif_sample,0.08333333333333333,0.08333333333333333,14.53289517425872,0.9285714285714286,0.38130228015365397,0.38130228015365397,26.137837505340578,1.828907260427976,2676.116666666667,62.7117382367452,"WorldClim 2.1 10-arcmin bio1/bio12/bio15 clipped to SEA bbox (lon 95–141, lat −11–28); stress = niche squeeze + seasonality + thermal anomaly",worldclim_2.1_10m_sea,WDPCA Philippines polygons (UNEP-WCMC via HDX); license: Protected Planet / WDPA terms — research/education citation required,Point-in-polygon overlap + geodesic-approx distance (degrees→km at lat) to nearest WDPCA polygon; species frac_in_protected & mean_dist_to_pa_km,,,not_queried,Set IUCN_API_TOKEN to query API v4. Free signup: https://api.iucnredlist.org/users/sign_up. Do not invent categories.,,,0
Moringa oleifera,malunggay,Moringaceae,60,8.614026566666666,125.01598375,0.38223921880667505,Moderate,0.85,0.015,0.39349476732939914,0.31746210789730095,1.0,False,False,False,drumstick tree; nutrition traditional — ethnobotany only,cultivated,not assessed in demo,gbif_sample,0.016666666666666666,0.016666666666666666,12.205171416318445,1.0,0.35472223161037214,0.35472223161037214,26.91115493774414,0.551865825914457,2291.383333333333,26.63304640452067,"WorldClim 2.1 10-arcmin bio1/bio12/bio15 clipped to SEA bbox (lon 95–141, lat −11–28); stress = niche squeeze + seasonality + thermal anomaly",worldclim_2.1_10m_sea,WDPCA Philippines polygons (UNEP-WCMC via HDX); license: Protected Planet / WDPA terms — research/education citation required,Point-in-polygon overlap + geodesic-approx distance (degrees→km at lat) to nearest WDPCA polygon; species frac_in_protected & mean_dist_to_pa_km,,,not_queried,Set IUCN_API_TOKEN to query API v4. Free signup: https://api.iucnredlist.org/users/sign_up. Do not invent categories.,,,0
Cocos nucifera,niyog,Arecaceae,60,10.049515233333334,123.55541323333333,0.37115960697371864,Moderate,0.85,0.015,0.49380801314846984,0.2783131144127603,0.8681466254170556,False,False,False,coconut; multipurpose traditional — ethnobotany only,cultivated_coastal,not assessed in demo,gbif_sample,0.15,0.15,7.116323692962984,1.0,0.38499390331918437,0.38499390331918437,26.66965306599935,0.7076844748006995,2280.233333333333,41.989710903167726,"WorldClim 2.1 10-arcmin bio1/bio12/bio15 clipped to SEA bbox (lon 95–141, lat −11–28); stress = niche squeeze + seasonality + thermal anomaly",worldclim_2.1_10m_sea,WDPCA Philippines polygons (UNEP-WCMC via HDX); license: Protected Planet / WDPA terms — research/education citation required,Point-in-polygon overlap + geodesic-approx distance (degrees→km at lat) to nearest WDPCA polygon; species frac_in_protected & mean_dist_to_pa_km,,,not_queried,Set IUCN_API_TOKEN to query API v4. Free signup: https://api.iucnredlist.org/users/sign_up. Do not invent categories.,,,0
Hibiscus rosa-sinensis,gumamela,Malvaceae,60,11.77017013333333,122.61870833333336,0.3663971011038142,Moderate,0.85,0.015,0.4090968543985542,0.26477409348150427,0.9671468206689977,False,False,False,shoe flower; topical traditional — ethnobotany only,cultivated,not assessed in demo,gbif_sample,0.05,0.05,6.016428304911502,1.0,0.3696372444968593,0.3696372444968593,26.34525349934896,1.7932730584094796,2266.45,60.7154202302297,"WorldClim 2.1 10-arcmin bio1/bio12/bio15 clipped to SEA bbox (lon 95–141, lat −11–28); stress = niche squeeze + seasonality + thermal anomaly",worldclim_2.1_10m_sea,WDPCA Philippines polygons (UNEP-WCMC via HDX); license: Protected Planet / WDPA terms — research/education citation required,Point-in-polygon overlap + geodesic-approx distance (degrees→km at lat) to nearest WDPCA polygon; species frac_in_protected & mean_dist_to_pa_km,,,not_queried,Set IUCN_API_TOKEN to query API v4. Free signup: https://api.iucnredlist.org/users/sign_up. Do not invent categories.,,,0
Eurycoma longifolia,tongkat ali,Simaroubaceae,60,3.4183908,107.68206095,0.3509496513574568,Moderate,0.85,0.165,0.1,0.3057986054298273,1.0,False,False,False,SEA medicinal root; documented overharvest concern in literature,SEA_forest,not assessed in demo — verify IUCN separately,gbif_sample,0.0,0.0,1252.2221966669665,1.0,0.2871608765124738,0.2871608765124738,26.216402247800666,1.4975808191196665,2514.3898305084745,31.156344106641868,"WorldClim 2.1 10-arcmin bio1/bio12/bio15 clipped to SEA bbox (lon 95–141, lat −11–28); stress = niche squeeze + seasonality + thermal anomaly",worldclim_2.1_10m_sea,WDPCA Philippines polygons (UNEP-WCMC via HDX); license: Protected Planet / WDPA terms — research/education citation required,Point-in-polygon overlap + geodesic-approx distance (degrees→km at lat) to nearest WDPCA polygon; species frac_in_protected & mean_dist_to_pa_km,,,not_queried,Set IUCN_API_TOKEN to query API v4. Free signup: https://api.iucnredlist.org/users/sign_up. Do not invent categories.,,,1
Mimosa pudica,makahiya,Fabaceae,60,10.703019116666667,123.49726651666668,0.34032027083364647,Moderate,0.85,0.0,0.2563661938277058,0.35366765042808085,0.9390590488484989,False,False,False,sensitive plant; ethnobotanical use — ethnobotany only,widespread,not assessed in demo,gbif_sample,0.08333333333333333,0.08333333333333333,8.14268442975718,1.0,0.32252846481651554,0.32252846481651554,26.28806667327881,1.686798454418817,2367.4,45.123774735132855,"WorldClim 2.1 10-arcmin bio1/bio12/bio15 clipped to SEA bbox (lon 95–141, lat −11–28); stress = niche squeeze + seasonality + thermal anomaly",worldclim_2.1_10m_sea,WDPCA Philippines polygons (UNEP-WCMC via HDX); license: Protected Planet / WDPA terms — research/education citation required,Point-in-polygon overlap + geodesic-approx distance (degrees→km at lat) to nearest WDPCA polygon; species frac_in_protected & mean_dist_to_pa_km,,,not_queried,Set IUCN_API_TOKEN to query API v4. Free signup: https://api.iucnredlist.org/users/sign_up. Do not invent categories.,,,0
Centella asiatica,takip-kohol,Apiaceae,60,13.332340499999999,122.54234873333334,0.3397709957626068,Moderate,0.85,0.0,0.43789991703963776,0.2683030020374379,0.8161013299666893,False,False,False,gotu kola; wound traditional — ethnobotany only,widespread,not assessed in demo,gbif_sample,0.2,0.2,6.7088874861204895,0.9833333333333333,0.38010592487771333,0.38010592487771333,25.611237017313638,2.0446219355621023,2601.3,60.530461406707765,"WorldClim 2.1 10-arcmin bio1/bio12/bio15 clipped to SEA bbox (lon 95–141, lat −11–28); stress = niche squeeze + seasonality + thermal anomaly",worldclim_2.1_10m_sea,WDPCA Philippines polygons (UNEP-WCMC via HDX); license: Protected Planet / WDPA terms — research/education citation required,Point-in-polygon overlap + geodesic-approx distance (degrees→km at lat) to nearest WDPCA polygon; species frac_in_protected & mean_dist_to_pa_km,,,not_queried,Set IUCN_API_TOKEN to query API v4. Free signup: https://api.iucnredlist.org/users/sign_up. Do not invent categories.,,,0
Senna alata,akapulko,Fabaceae,60,11.379769783333332,122.74927036666666,0.3395971027025637,Moderate,0.85,0.0,0.4361370389307333,0.23901358738645495,0.8540472306163333,False,False,False,DOH-approved Cassia alata synonym; antifungal traditional — ethnobotany only,widespread,not assessed in demo,gbif_sample,0.16666666666666666,0.16666666666666666,8.285558913199935,1.0,0.3767177807195027,0.3767177807195027,26.68338769276937,1.0877878024506478,2298.616666666667,51.93200836181641,"WorldClim 2.1 10-arcmin bio1/bio12/bio15 clipped to SEA bbox (lon 95–141, lat −11–28); stress = niche squeeze + seasonality + thermal anomaly",worldclim_2.1_10m_sea,WDPCA Philippines polygons (UNEP-WCMC via HDX); license: Protected Planet / WDPA terms — research/education citation required,Point-in-polygon overlap + geodesic-approx distance (degrees→km at lat) to nearest WDPCA polygon; species frac_in_protected & mean_dist_to_pa_km,,,not_queried,Set IUCN_API_TOKEN to query API v4. Free signup: https://api.iucnredlist.org/users/sign_up. Do not invent categories.,,,0
Imperata cylindrica,kogon,Poaceae,60,9.371341399999999,124.33697566666669,0.32780852889806766,Lower relative pressure,0.85,0.0,0.25728348431398335,0.26914723320379824,0.9810042475931113,False,False,False,cogon grass; ethnobotanical/ecological,widespread,not assessed in demo,gbif_sample,0.05,0.05,10.878683366003992,1.0,0.31948511731192974,0.31948511731192974,26.368209075927734,1.2391022372520204,2282.383333333333,36.46495992342631,"WorldClim 2.1 10-arcmin bio1/bio12/bio15 clipped to SEA bbox (lon 95–141, lat −11–28); stress = niche squeeze + seasonality + thermal anomaly",worldclim_2.1_10m_sea,WDPCA Philippines polygons (UNEP-WCMC via HDX); license: Protected Planet / WDPA terms — research/education citation required,Point-in-polygon overlap + geodesic-approx distance (degrees→km at lat) to nearest WDPCA polygon; species frac_in_protected & mean_dist_to_pa_km,,,not_queried,Set IUCN_API_TOKEN to query API v4. Free signup: https://api.iucnredlist.org/users/sign_up. Do not invent categories.,,,0
Psidium guajava,bayabas,Myrtaceae,60,9.926548416666666,123.76276428333334,0.31672137732181216,Lower relative pressure,0.85,0.0,0.27149624430203745,0.28229883962816865,0.8913630316963032,False,False,False,DOH-approved; antiseptic traditional use — ethnobotany only,introduced_naturalized,not assessed in demo,gbif_sample,0.13333333333333333,0.13333333333333333,9.498601934475575,1.0,0.32417866900458026,0.32417866900458026,26.21512133280436,1.6468609544600719,2255.633333333333,44.302153778076175,"WorldClim 2.1 10-arcmin bio1/bio12/bio15 clipped to SEA bbox (lon 95–141, lat −11–28); stress = niche squeeze + seasonality + thermal anomaly",worldclim_2.1_10m_sea,WDPCA Philippines polygons (UNEP-WCMC via HDX); license: Protected Planet / WDPA terms — research/education citation required,Point-in-polygon overlap + geodesic-approx distance (degrees→km at lat) to nearest WDPCA polygon; species frac_in_protected & mean_dist_to_pa_km,,,not_queried,Set IUCN_API_TOKEN to query API v4. Free signup: https://api.iucnredlist.org/users/sign_up. Do not invent categories.,,,0
