scientific_name,iucn_category,iucn_category_code,iucn_assessment_id,iucn_year,iucn_status,iucn_note
Vitex negundo,,,,,not_queried,Set IUCN_API_TOKEN to query API v4. Free signup: https://api.iucnredlist.org/users/sign_up. Do not invent categories.
Blumea balsamifera,,,,,not_queried,Set IUCN_API_TOKEN to query API v4. Free signup: https://api.iucnredlist.org/users/sign_up. Do not invent categories.
Momordica charantia,,,,,not_queried,Set IUCN_API_TOKEN to query API v4. Free signup: https://api.iucnredlist.org/users/sign_up. Do not invent categories.
Psidium guajava,,,,,not_queried,Set IUCN_API_TOKEN to query API v4. Free signup: https://api.iucnredlist.org/users/sign_up. Do not invent categories.
Mentha × piperita,,,,,not_queried,Set IUCN_API_TOKEN to query API v4. Free signup: https://api.iucnredlist.org/users/sign_up. Do not invent categories.
Peperomia pellucida,,,,,not_queried,Set IUCN_API_TOKEN to query API v4. Free signup: https://api.iucnredlist.org/users/sign_up. Do not invent categories.
Combretum indicum,,,,,not_queried,Set IUCN_API_TOKEN to query API v4. Free signup: https://api.iucnredlist.org/users/sign_up. Do not invent categories.
Senna alata,,,,,not_queried,Set IUCN_API_TOKEN to query API v4. Free signup: https://api.iucnredlist.org/users/sign_up. Do not invent categories.
Allium sativum,,,,,not_queried,Set IUCN_API_TOKEN to query API v4. Free signup: https://api.iucnredlist.org/users/sign_up. Do not invent categories.
Ehretia microphylla,,,,,not_queried,Set IUCN_API_TOKEN to query API v4. Free signup: https://api.iucnredlist.org/users/sign_up. Do not invent categories.
Tinospora crispa,,,,,not_queried,Set IUCN_API_TOKEN to query API v4. Free signup: https://api.iucnredlist.org/users/sign_up. Do not invent categories.
Arcangelisia flava,,,,,not_queried,Set IUCN_API_TOKEN to query API v4. Free signup: https://api.iucnredlist.org/users/sign_up. Do not invent categories.
Curcuma longa,,,,,not_queried,Set IUCN_API_TOKEN to query API v4. Free signup: https://api.iucnredlist.org/users/sign_up. Do not invent categories.
Zingiber officinale,,,,,not_queried,Set IUCN_API_TOKEN to query API v4. Free signup: https://api.iucnredlist.org/users/sign_up. Do not invent categories.
Andrographis paniculata,,,,,not_queried,Set IUCN_API_TOKEN to query API v4. Free signup: https://api.iucnredlist.org/users/sign_up. Do not invent categories.
Orthosiphon aristatus,,,,,not_queried,Set IUCN_API_TOKEN to query API v4. Free signup: https://api.iucnredlist.org/users/sign_up. Do not invent categories.
Moringa oleifera,,,,,not_queried,Set IUCN_API_TOKEN to query API v4. Free signup: https://api.iucnredlist.org/users/sign_up. Do not invent categories.
Annona muricata,,,,,not_queried,Set IUCN_API_TOKEN to query API v4. Free signup: https://api.iucnredlist.org/users/sign_up. Do not invent categories.
Centella asiatica,,,,,not_queried,Set IUCN_API_TOKEN to query API v4. Free signup: https://api.iucnredlist.org/users/sign_up. Do not invent categories.
Phyllanthus niruri,,,,,not_queried,Set IUCN_API_TOKEN to query API v4. Free signup: https://api.iucnredlist.org/users/sign_up. Do not invent categories.
Artemisia vulgaris,,,,,not_queried,Set IUCN_API_TOKEN to query API v4. Free signup: https://api.iucnredlist.org/users/sign_up. Do not invent categories.
Ocimum basilicum,,,,,not_queried,Set IUCN_API_TOKEN to query API v4. Free signup: https://api.iucnredlist.org/users/sign_up. Do not invent categories.
Piper betle,,,,,not_queried,Set IUCN_API_TOKEN to query API v4. Free signup: https://api.iucnredlist.org/users/sign_up. Do not invent categories.
Cymbopogon citratus,,,,,not_queried,Set IUCN_API_TOKEN to query API v4. Free signup: https://api.iucnredlist.org/users/sign_up. Do not invent categories.
Euphorbia hirta,,,,,not_queried,Set IUCN_API_TOKEN to query API v4. Free signup: https://api.iucnredlist.org/users/sign_up. Do not invent categories.
Lagerstroemia speciosa,,,,,not_queried,Set IUCN_API_TOKEN to query API v4. Free signup: https://api.iucnredlist.org/users/sign_up. Do not invent categories.
Mimosa pudica,,,,,not_queried,Set IUCN_API_TOKEN to query API v4. Free signup: https://api.iucnredlist.org/users/sign_up. Do not invent categories.
Jatropha curcas,,,,,not_queried,Set IUCN_API_TOKEN to query API v4. Free signup: https://api.iucnredlist.org/users/sign_up. Do not invent categories.
Pandanus amaryllifolius,,,,,not_queried,Set IUCN_API_TOKEN to query API v4. Free signup: https://api.iucnredlist.org/users/sign_up. Do not invent categories.
Hibiscus rosa-sinensis,,,,,not_queried,Set IUCN_API_TOKEN to query API v4. Free signup: https://api.iucnredlist.org/users/sign_up. Do not invent categories.
Eurycoma longifolia,,,,,not_queried,Set IUCN_API_TOKEN to query API v4. Free signup: https://api.iucnredlist.org/users/sign_up. Do not invent categories.
Garcinia mangostana,,,,,not_queried,Set IUCN_API_TOKEN to query API v4. Free signup: https://api.iucnredlist.org/users/sign_up. Do not invent categories.
Imperata cylindrica,,,,,not_queried,Set IUCN_API_TOKEN to query API v4. Free signup: https://api.iucnredlist.org/users/sign_up. Do not invent categories.
Areca catechu,,,,,not_queried,Set IUCN_API_TOKEN to query API v4. Free signup: https://api.iucnredlist.org/users/sign_up. Do not invent categories.
Cocos nucifera,,,,,not_queried,Set IUCN_API_TOKEN to query API v4. Free signup: https://api.iucnredlist.org/users/sign_up. Do not invent categories.
