scientific_name,vernacular_ph,family,notes,endemism_proxy,demo_iucn_note,n_occurrences,lat_mean,lon_mean,lat_min,lat_max,lon_min,lon_max,year_min,year_max,recent_occurrence_frac,harvest_concern_flag,data_source_note,bio1_mean,bio1_std,bio12_mean,bio15_mean,climate_stress_raw,climate_method,climate_source,frac_in_protected,mean_dist_to_pa_km,n_in_pa,pa_source,pa_method,iucn_category,iucn_category_code,iucn_assessment_id,iucn_year,iucn_status,iucn_note,frac_in_protected_proxy,climate_anomaly_proxy
Allium sativum,bawang,Amaryllidaceae,DOH-approved; hypertension traditional use — ethnobotany only,cultivated,not assessed in demo,60,11.93533333333333,122.75734999999999,8.162,20.417,120.395,125.697,2012.0,2021.0,0.9285714285714286,0,gbif_sample,26.137837505340578,1.828907260427976,2676.116666666667,62.7117382367452,0.38130228015365397,"WorldClim 2.1 10-arcmin bio1/bio12/bio15 clipped to SEA bbox (lon 95–141, lat −11–28); stress = niche squeeze + seasonality + thermal anomaly",worldclim_2.1_10m_sea,0.08333333333333333,14.53289517425872,5,WDPCA Philippines polygons (UNEP-WCMC via HDX); license: Protected Planet / WDPA terms — research/education citation required,Point-in-polygon overlap + geodesic-approx distance (degrees→km at lat) to nearest WDPCA polygon; species frac_in_protected & mean_dist_to_pa_km,,,,,not_queried,Set IUCN_API_TOKEN to query API v4. Free signup: https://api.iucnredlist.org/users/sign_up. Do not invent categories.,0.08333333333333333,0.38130228015365397
Andrographis paniculata,sinta,Acanthaceae,king of bitters; fever traditional — ethnobotany only,SEA_India,not assessed in demo,60,11.13280465,123.05036854999999,6.929115,14.876,118.82975,126.256893,1994.0,2026.0,0.95,0,gbif_sample,26.85571511586507,0.7204878226523164,2280.8166666666666,52.45849043528239,0.418116749658622,"WorldClim 2.1 10-arcmin bio1/bio12/bio15 clipped to SEA bbox (lon 95–141, lat −11–28); stress = niche squeeze + seasonality + thermal anomaly",worldclim_2.1_10m_sea,0.016666666666666666,8.647936302647054,1,WDPCA Philippines polygons (UNEP-WCMC via HDX); license: Protected Planet / WDPA terms — research/education citation required,Point-in-polygon overlap + geodesic-approx distance (degrees→km at lat) to nearest WDPCA polygon; species frac_in_protected & mean_dist_to_pa_km,,,,,not_queried,Set IUCN_API_TOKEN to query API v4. Free signup: https://api.iucnredlist.org/users/sign_up. Do not invent categories.,0.016666666666666666,0.418116749658622
Annona muricata,guyabano,Annonaceae,soursop; ethnobotanical use documented — ethnobotany only,cultivated,not assessed in demo,60,9.33393565,124.0656938,6.367643,14.20148,118.911713,126.228415,2019.0,2026.0,1.0,0,gbif_sample,26.929104868570963,0.611922208963164,2334.8166666666666,40.9243407090505,0.39569938773718705,"WorldClim 2.1 10-arcmin bio1/bio12/bio15 clipped to SEA bbox (lon 95–141, lat −11–28); stress = niche squeeze + seasonality + thermal anomaly",worldclim_2.1_10m_sea,0.03333333333333333,10.742940694239516,2,WDPCA Philippines polygons (UNEP-WCMC via HDX); license: Protected Planet / WDPA terms — research/education citation required,Point-in-polygon overlap + geodesic-approx distance (degrees→km at lat) to nearest WDPCA polygon; species frac_in_protected & mean_dist_to_pa_km,,,,,not_queried,Set IUCN_API_TOKEN to query API v4. Free signup: https://api.iucnredlist.org/users/sign_up. Do not invent categories.,0.03333333333333333,0.39569938773718705
Arcangelisia flava,abutra,Menispermaceae,yellow root; jaundice traditional — ethnobotany only; harvest pressure concern,SEA_forest,not assessed in demo — verify IUCN separately,60,11.047462783333337,121.97347165000001,6.9894,18.60194,118.48546,126.062,1909.0,1996.0,0.0,1,gbif_sample,26.388630801233752,1.0548675597015114,2555.3793103448274,56.78315182389884,0.4059773310297828,"WorldClim 2.1 10-arcmin bio1/bio12/bio15 clipped to SEA bbox (lon 95–141, lat −11–28); stress = niche squeeze + seasonality + thermal anomaly",worldclim_2.1_10m_sea,0.4,5.435125578283256,24,WDPCA Philippines polygons (UNEP-WCMC via HDX); license: Protected Planet / WDPA terms — research/education citation required,Point-in-polygon overlap + geodesic-approx distance (degrees→km at lat) to nearest WDPCA polygon; species frac_in_protected & mean_dist_to_pa_km,,,,,not_queried,Set IUCN_API_TOKEN to query API v4. Free signup: https://api.iucnredlist.org/users/sign_up. Do not invent categories.,0.4,0.4059773310297828
Areca catechu,bunga,Arecaceae,betel nut; cultural/traditional — ethnobotany only,SEA_cultivated,not assessed in demo,60,13.503919950000002,121.89625086666668,6.04444,20.799072,119.533333,126.062,1903.0,2026.0,0.3333333333333333,0,gbif_sample,25.307548014322915,2.2141445759890805,2519.1833333333334,61.99920123418172,0.387807502712871,"WorldClim 2.1 10-arcmin bio1/bio12/bio15 clipped to SEA bbox (lon 95–141, lat −11–28); stress = niche squeeze + seasonality + thermal anomaly",worldclim_2.1_10m_sea,0.18333333333333332,6.615762397776474,11,WDPCA Philippines polygons (UNEP-WCMC via HDX); license: Protected Planet / WDPA terms — research/education citation required,Point-in-polygon overlap + geodesic-approx distance (degrees→km at lat) to nearest WDPCA polygon; species frac_in_protected & mean_dist_to_pa_km,,,,,not_queried,Set IUCN_API_TOKEN to query API v4. Free signup: https://api.iucnredlist.org/users/sign_up. Do not invent categories.,0.18333333333333332,0.387807502712871
Artemisia vulgaris,damong maria,Asteraceae,mugwort; menstrual traditional — ethnobotany only,widespread,not assessed in demo,60,10.767137733333334,122.91798405,6.244,16.953,120.395,125.894,1915.0,2021.0,0.825,0,gbif_sample,26.33123009999593,0.7936953142322354,2665.4166666666665,56.44945554733276,0.43494673297558595,"WorldClim 2.1 10-arcmin bio1/bio12/bio15 clipped to SEA bbox (lon 95–141, lat −11–28); stress = niche squeeze + seasonality + thermal anomaly",worldclim_2.1_10m_sea,0.0,18.991022948115237,0,WDPCA Philippines polygons (UNEP-WCMC via HDX); license: Protected Planet / WDPA terms — research/education citation required,Point-in-polygon overlap + geodesic-approx distance (degrees→km at lat) to nearest WDPCA polygon; species frac_in_protected & mean_dist_to_pa_km,,,,,not_queried,Set IUCN_API_TOKEN to query API v4. Free signup: https://api.iucnredlist.org/users/sign_up. Do not invent categories.,0.0,0.43494673297558595
Blumea balsamifera,sambong,Asteraceae,DOH-approved; diuretic traditional use — ethnobotany only,widespread,not assessed in demo,60,11.992833666666668,123.03217886666668,6.551702,18.5886,119.782955,126.207984,2019.0,2026.0,1.0,0,gbif_sample,26.556881109873455,0.8653346013051629,2461.6833333333334,54.604429181416826,0.4128729714423297,"WorldClim 2.1 10-arcmin bio1/bio12/bio15 clipped to SEA bbox (lon 95–141, lat −11–28); stress = niche squeeze + seasonality + thermal anomaly",worldclim_2.1_10m_sea,0.05,8.153178719419111,3,WDPCA Philippines polygons (UNEP-WCMC via HDX); license: Protected Planet / WDPA terms — research/education citation required,Point-in-polygon overlap + geodesic-approx distance (degrees→km at lat) to nearest WDPCA polygon; species frac_in_protected & mean_dist_to_pa_km,,,,,not_queried,Set IUCN_API_TOKEN to query API v4. Free signup: https://api.iucnredlist.org/users/sign_up. Do not invent categories.,0.05,0.4128729714423297
Centella asiatica,takip-kohol,Apiaceae,gotu kola; wound traditional — ethnobotany only,widespread,not assessed in demo,60,13.332340499999999,122.54234873333334,6.912394,20.789153,120.395,126.160127,2013.0,2026.0,0.9833333333333333,0,gbif_sample,25.611237017313638,2.0446219355621023,2601.3,60.530461406707765,0.38010592487771333,"WorldClim 2.1 10-arcmin bio1/bio12/bio15 clipped to SEA bbox (lon 95–141, lat −11–28); stress = niche squeeze + seasonality + thermal anomaly",worldclim_2.1_10m_sea,0.2,6.7088874861204895,12,WDPCA Philippines polygons (UNEP-WCMC via HDX); license: Protected Planet / WDPA terms — research/education citation required,Point-in-polygon overlap + geodesic-approx distance (degrees→km at lat) to nearest WDPCA polygon; species frac_in_protected & mean_dist_to_pa_km,,,,,not_queried,Set IUCN_API_TOKEN to query API v4. Free signup: https://api.iucnredlist.org/users/sign_up. Do not invent categories.,0.2,0.38010592487771333
Cocos nucifera,niyog,Arecaceae,coconut; multipurpose traditional — ethnobotany only,cultivated_coastal,not assessed in demo,60,10.049515233333334,123.55541323333333,6.345497,16.282471,118.744602,126.197963,2026.0,2026.0,1.0,0,gbif_sample,26.66965306599935,0.7076844748006995,2280.233333333333,41.989710903167726,0.38499390331918437,"WorldClim 2.1 10-arcmin bio1/bio12/bio15 clipped to SEA bbox (lon 95–141, lat −11–28); stress = niche squeeze + seasonality + thermal anomaly",worldclim_2.1_10m_sea,0.15,7.116323692962984,9,WDPCA Philippines polygons (UNEP-WCMC via HDX); license: Protected Planet / WDPA terms — research/education citation required,Point-in-polygon overlap + geodesic-approx distance (degrees→km at lat) to nearest WDPCA polygon; species frac_in_protected & mean_dist_to_pa_km,,,,,not_queried,Set IUCN_API_TOKEN to query API v4. Free signup: https://api.iucnredlist.org/users/sign_up. Do not invent categories.,0.15,0.38499390331918437
Combretum indicum,niyug-niyogan,Combretaceae,DOH-approved Quisqualis indica synonym; anthelmintic traditional — ethnobotany only,cultivated,not assessed in demo,60,10.172420866666668,123.55839009999998,6.483734,16.015403,120.252632,126.280708,2024.0,2026.0,1.0,0,gbif_sample,26.757079792022704,0.6680117494816343,2035.7666666666667,47.60385961532593,0.40748249425970084,"WorldClim 2.1 10-arcmin bio1/bio12/bio15 clipped to SEA bbox (lon 95–141, lat −11–28); stress = niche squeeze + seasonality + thermal anomaly",worldclim_2.1_10m_sea,0.05,8.658268129731987,3,WDPCA Philippines polygons (UNEP-WCMC via HDX); license: Protected Planet / WDPA terms — research/education citation required,Point-in-polygon overlap + geodesic-approx distance (degrees→km at lat) to nearest WDPCA polygon; species frac_in_protected & mean_dist_to_pa_km,,,,,not_queried,Set IUCN_API_TOKEN to query API v4. Free signup: https://api.iucnredlist.org/users/sign_up. Do not invent categories.,0.05,0.40748249425970084
Curcuma longa,luyang dilaw,Zingiberaceae,turmeric; anti-inflammatory traditional — ethnobotany only,cultivated,not assessed in demo,60,11.993553599999997,122.53585385000001,7.116877,16.446988,120.395,125.697,2017.0,2024.0,1.0,0,gbif_sample,26.56764335632324,1.2658163682552805,2430.9333333333334,61.64499565760295,0.39927670753720756,"WorldClim 2.1 10-arcmin bio1/bio12/bio15 clipped to SEA bbox (lon 95–141, lat −11–28); stress = niche squeeze + seasonality + thermal anomaly",worldclim_2.1_10m_sea,0.03333333333333333,9.528389368218637,2,WDPCA Philippines polygons (UNEP-WCMC via HDX); license: Protected Planet / WDPA terms — research/education citation required,Point-in-polygon overlap + geodesic-approx distance (degrees→km at lat) to nearest WDPCA polygon; species frac_in_protected & mean_dist_to_pa_km,,,,,not_queried,Set IUCN_API_TOKEN to query API v4. Free signup: https://api.iucnredlist.org/users/sign_up. Do not invent categories.,0.03333333333333333,0.39927670753720756
Cymbopogon citratus,tanglad,Poaceae,lemongrass; digestive traditional — ethnobotany only,cultivated,not assessed in demo,60,11.756049666666666,122.49183799999999,6.947061,16.872402,120.391518,126.188158,2012.0,2026.0,0.95,0,gbif_sample,26.53574094772339,0.9679766844759882,2393.3,64.49327828089396,0.43696027474648846,"WorldClim 2.1 10-arcmin bio1/bio12/bio15 clipped to SEA bbox (lon 95–141, lat −11–28); stress = niche squeeze + seasonality + thermal anomaly",worldclim_2.1_10m_sea,0.016666666666666666,10.330232858830225,1,WDPCA Philippines polygons (UNEP-WCMC via HDX); license: Protected Planet / WDPA terms — research/education citation required,Point-in-polygon overlap + geodesic-approx distance (degrees→km at lat) to nearest WDPCA polygon; species frac_in_protected & mean_dist_to_pa_km,,,,,not_queried,Set IUCN_API_TOKEN to query API v4. Free signup: https://api.iucnredlist.org/users/sign_up. Do not invent categories.,0.016666666666666666,0.43696027474648846
Ehretia microphylla,tsaang gubat,Boraginaceae,DOH-approved Carmona retusa synonym; diarrhea traditional — ethnobotany only,PH_SEA,not assessed in demo,60,12.230157966666669,122.58118346666666,6.351078,20.760958,120.573928,126.256042,2021.0,2026.0,1.0,0,gbif_sample,26.883283869425455,0.7074458747561359,2223.616666666667,61.75629375775655,0.4532964251196909,"WorldClim 2.1 10-arcmin bio1/bio12/bio15 clipped to SEA bbox (lon 95–141, lat −11–28); stress = niche squeeze + seasonality + thermal anomaly",worldclim_2.1_10m_sea,0.08333333333333333,6.968123610736904,5,WDPCA Philippines polygons (UNEP-WCMC via HDX); license: Protected Planet / WDPA terms — research/education citation required,Point-in-polygon overlap + geodesic-approx distance (degrees→km at lat) to nearest WDPCA polygon; species frac_in_protected & mean_dist_to_pa_km,,,,,not_queried,Set IUCN_API_TOKEN to query API v4. Free signup: https://api.iucnredlist.org/users/sign_up. Do not invent categories.,0.08333333333333333,0.4532964251196909
Euphorbia hirta,tawa-tawa,Euphorbiaceae,asthma plant; dengue folklore — ethnobotany only NOT medical claim,widespread_weed,not assessed in demo,60,8.810754766666667,124.67189565000002,6.500628,14.85846,120.81472,126.290546,2026.0,2026.0,1.0,0,gbif_sample,26.998488267262776,0.6236817642891228,2240.4,31.030416107177736,0.3614416435719242,"WorldClim 2.1 10-arcmin bio1/bio12/bio15 clipped to SEA bbox (lon 95–141, lat −11–28); stress = niche squeeze + seasonality + thermal anomaly",worldclim_2.1_10m_sea,0.0,9.08743751957064,0,WDPCA Philippines polygons (UNEP-WCMC via HDX); license: Protected Planet / WDPA terms — research/education citation required,Point-in-polygon overlap + geodesic-approx distance (degrees→km at lat) to nearest WDPCA polygon; species frac_in_protected & mean_dist_to_pa_km,,,,,not_queried,Set IUCN_API_TOKEN to query API v4. Free signup: https://api.iucnredlist.org/users/sign_up. Do not invent categories.,0.0,0.3614416435719242
Eurycoma longifolia,tongkat ali,Simaroubaceae,SEA medicinal root; documented overharvest concern in literature,SEA_forest,not assessed in demo — verify IUCN separately,60,3.4183908,107.68206095,-3.05486,21.170753,98.624021,118.228623,2023.0,2026.0,1.0,1,gbif_sample,26.216402247800666,1.4975808191196665,2514.3898305084745,31.156344106641868,0.2871608765124738,"WorldClim 2.1 10-arcmin bio1/bio12/bio15 clipped to SEA bbox (lon 95–141, lat −11–28); stress = niche squeeze + seasonality + thermal anomaly",worldclim_2.1_10m_sea,0.0,1252.2221966669665,0,WDPCA Philippines polygons (UNEP-WCMC via HDX); license: Protected Planet / WDPA terms — research/education citation required,Point-in-polygon overlap + geodesic-approx distance (degrees→km at lat) to nearest WDPCA polygon; species frac_in_protected & mean_dist_to_pa_km,,,,,not_queried,Set IUCN_API_TOKEN to query API v4. Free signup: https://api.iucnredlist.org/users/sign_up. Do not invent categories.,0.0,0.2871608765124738
Garcinia mangostana,mangosteen,Clusiaceae,SEA fruit tree; pericarp traditional — ethnobotany only,SEA_cultivated,not assessed in demo,60,9.072462300000002,123.40922328333335,6.895664,15.785,120.976,125.989521,2019.0,2026.0,1.0,0,gbif_sample,26.700728193918863,0.49346652317479384,2450.8333333333335,42.953436549504595,0.42099379161178696,"WorldClim 2.1 10-arcmin bio1/bio12/bio15 clipped to SEA bbox (lon 95–141, lat −11–28); stress = niche squeeze + seasonality + thermal anomaly",worldclim_2.1_10m_sea,0.08333333333333333,22.672455168705145,5,WDPCA Philippines polygons (UNEP-WCMC via HDX); license: Protected Planet / WDPA terms — research/education citation required,Point-in-polygon overlap + geodesic-approx distance (degrees→km at lat) to nearest WDPCA polygon; species frac_in_protected & mean_dist_to_pa_km,,,,,not_queried,Set IUCN_API_TOKEN to query API v4. Free signup: https://api.iucnredlist.org/users/sign_up. Do not invent categories.,0.08333333333333333,0.42099379161178696
Hibiscus rosa-sinensis,gumamela,Malvaceae,shoe flower; topical traditional — ethnobotany only,cultivated,not assessed in demo,60,11.77017013333333,122.61870833333336,6.433406,17.423336,119.352661,126.549459,2017.0,2026.0,1.0,0,gbif_sample,26.34525349934896,1.7932730584094796,2266.45,60.7154202302297,0.3696372444968593,"WorldClim 2.1 10-arcmin bio1/bio12/bio15 clipped to SEA bbox (lon 95–141, lat −11–28); stress = niche squeeze + seasonality + thermal anomaly",worldclim_2.1_10m_sea,0.05,6.016428304911502,3,WDPCA Philippines polygons (UNEP-WCMC via HDX); license: Protected Planet / WDPA terms — research/education citation required,Point-in-polygon overlap + geodesic-approx distance (degrees→km at lat) to nearest WDPCA polygon; species frac_in_protected & mean_dist_to_pa_km,,,,,not_queried,Set IUCN_API_TOKEN to query API v4. Free signup: https://api.iucnredlist.org/users/sign_up. Do not invent categories.,0.05,0.3696372444968593
Imperata cylindrica,kogon,Poaceae,cogon grass; ethnobotanical/ecological,widespread,not assessed in demo,60,9.371341399999999,124.33697566666669,6.940042,17.343694,118.812308,126.253085,2016.0,2026.0,1.0,0,gbif_sample,26.368209075927734,1.2391022372520204,2282.383333333333,36.46495992342631,0.31948511731192974,"WorldClim 2.1 10-arcmin bio1/bio12/bio15 clipped to SEA bbox (lon 95–141, lat −11–28); stress = niche squeeze + seasonality + thermal anomaly",worldclim_2.1_10m_sea,0.05,10.878683366003992,3,WDPCA Philippines polygons (UNEP-WCMC via HDX); license: Protected Planet / WDPA terms — research/education citation required,Point-in-polygon overlap + geodesic-approx distance (degrees→km at lat) to nearest WDPCA polygon; species frac_in_protected & mean_dist_to_pa_km,,,,,not_queried,Set IUCN_API_TOKEN to query API v4. Free signup: https://api.iucnredlist.org/users/sign_up. Do not invent categories.,0.05,0.31948511731192974
Jatropha curcas,tubang bakod,Euphorbiaceae,physic nut; fencing/traditional — ethnobotany only; toxic seeds,cultivated,not assessed in demo,60,11.120989199999999,123.29841771666669,6.935733,16.876706,120.283476,126.256785,2015.0,2026.0,1.0,0,gbif_sample,26.769929440816245,0.7667923965047954,2490.6,55.52108537356059,0.42138375063582795,"WorldClim 2.1 10-arcmin bio1/bio12/bio15 clipped to SEA bbox (lon 95–141, lat −11–28); stress = niche squeeze + seasonality + thermal anomaly",worldclim_2.1_10m_sea,0.0,7.200270728183203,0,WDPCA Philippines polygons (UNEP-WCMC via HDX); license: Protected Planet / WDPA terms — research/education citation required,Point-in-polygon overlap + geodesic-approx distance (degrees→km at lat) to nearest WDPCA polygon; species frac_in_protected & mean_dist_to_pa_km,,,,,not_queried,Set IUCN_API_TOKEN to query API v4. Free signup: https://api.iucnredlist.org/users/sign_up. Do not invent categories.,0.0,0.42138375063582795
Lagerstroemia speciosa,banaba,Lythraceae,pride of India; diabetes traditional — ethnobotany only,PH_SEA,not assessed in demo,60,13.608896633333332,121.58130195,7.040087,17.574562,119.416244,126.279704,2021.0,2026.0,1.0,0,gbif_sample,26.908702437082926,0.7532281719202399,2294.633333333333,74.10892502466838,0.4912074900481758,"WorldClim 2.1 10-arcmin bio1/bio12/bio15 clipped to SEA bbox (lon 95–141, lat −11–28); stress = niche squeeze + seasonality + thermal anomaly",worldclim_2.1_10m_sea,0.08333333333333333,5.334845071659234,5,WDPCA Philippines polygons (UNEP-WCMC via HDX); license: Protected Planet / WDPA terms — research/education citation required,Point-in-polygon overlap + geodesic-approx distance (degrees→km at lat) to nearest WDPCA polygon; species frac_in_protected & mean_dist_to_pa_km,,,,,not_queried,Set IUCN_API_TOKEN to query API v4. Free signup: https://api.iucnredlist.org/users/sign_up. Do not invent categories.,0.08333333333333333,0.4912074900481758
Mimosa pudica,makahiya,Fabaceae,sensitive plant; ethnobotanical use — ethnobotany only,widespread,not assessed in demo,60,10.703019116666667,123.49726651666668,7.016611,16.98265,120.491511,125.840195,2026.0,2026.0,1.0,0,gbif_sample,26.28806667327881,1.686798454418817,2367.4,45.123774735132855,0.32252846481651554,"WorldClim 2.1 10-arcmin bio1/bio12/bio15 clipped to SEA bbox (lon 95–141, lat −11–28); stress = niche squeeze + seasonality + thermal anomaly",worldclim_2.1_10m_sea,0.08333333333333333,8.14268442975718,5,WDPCA Philippines polygons (UNEP-WCMC via HDX); license: Protected Planet / WDPA terms — research/education citation required,Point-in-polygon overlap + geodesic-approx distance (degrees→km at lat) to nearest WDPCA polygon; species frac_in_protected & mean_dist_to_pa_km,,,,,not_queried,Set IUCN_API_TOKEN to query API v4. Free signup: https://api.iucnredlist.org/users/sign_up. Do not invent categories.,0.08333333333333333,0.32252846481651554
Momordica charantia,ampalaya,Cucurbitaceae,DOH-approved; blood sugar traditional use — ethnobotany only,cultivated_wild,not assessed in demo,60,8.529135466666666,124.93742946666666,6.912545,18.135717,120.379578,126.261239,2025.0,2026.0,1.0,0,gbif_sample,27.092824459075928,0.3538678931386137,2260.7166666666667,25.161167097091674,0.3929433856362436,"WorldClim 2.1 10-arcmin bio1/bio12/bio15 clipped to SEA bbox (lon 95–141, lat −11–28); stress = niche squeeze + seasonality + thermal anomaly",worldclim_2.1_10m_sea,0.0,8.801896361172636,0,WDPCA Philippines polygons (UNEP-WCMC via HDX); license: Protected Planet / WDPA terms — research/education citation required,Point-in-polygon overlap + geodesic-approx distance (degrees→km at lat) to nearest WDPCA polygon; species frac_in_protected & mean_dist_to_pa_km,,,,,not_queried,Set IUCN_API_TOKEN to query API v4. Free signup: https://api.iucnredlist.org/users/sign_up. Do not invent categories.,0.0,0.3929433856362436
Moringa oleifera,malunggay,Moringaceae,drumstick tree; nutrition traditional — ethnobotany only,cultivated,not assessed in demo,60,8.614026566666666,125.01598375,6.964247,17.641184,120.390565,126.197815,2026.0,2026.0,1.0,0,gbif_sample,26.91115493774414,0.551865825914457,2291.383333333333,26.63304640452067,0.35472223161037214,"WorldClim 2.1 10-arcmin bio1/bio12/bio15 clipped to SEA bbox (lon 95–141, lat −11–28); stress = niche squeeze + seasonality + thermal anomaly",worldclim_2.1_10m_sea,0.016666666666666666,12.205171416318445,1,WDPCA Philippines polygons (UNEP-WCMC via HDX); license: Protected Planet / WDPA terms — research/education citation required,Point-in-polygon overlap + geodesic-approx distance (degrees→km at lat) to nearest WDPCA polygon; species frac_in_protected & mean_dist_to_pa_km,,,,,not_queried,Set IUCN_API_TOKEN to query API v4. Free signup: https://api.iucnredlist.org/users/sign_up. Do not invent categories.,0.016666666666666666,0.35472223161037214
Ocimum basilicum,sulasi,Lamiaceae,basil; respiratory traditional — ethnobotany only,cultivated,not assessed in demo,60,11.407537066666668,123.00384289999998,7.214,18.949,114.366667,126.062,1912.0,2022.0,0.25,0,gbif_sample,26.231795682745464,1.308323208962529,2768.9661016949153,52.41970185102043,0.374232564821681,"WorldClim 2.1 10-arcmin bio1/bio12/bio15 clipped to SEA bbox (lon 95–141, lat −11–28); stress = niche squeeze + seasonality + thermal anomaly",worldclim_2.1_10m_sea,0.13333333333333333,17.06899017694703,8,WDPCA Philippines polygons (UNEP-WCMC via HDX); license: Protected Planet / WDPA terms — research/education citation required,Point-in-polygon overlap + geodesic-approx distance (degrees→km at lat) to nearest WDPCA polygon; species frac_in_protected & mean_dist_to_pa_km,,,,,not_queried,Set IUCN_API_TOKEN to query API v4. Free signup: https://api.iucnredlist.org/users/sign_up. Do not invent categories.,0.13333333333333333,0.374232564821681
Orthosiphon aristatus,balbas pusa,Lamiaceae,cat's whiskers; kidney traditional — ethnobotany only,SEA,not assessed in demo,60,11.8052755,122.9021301,6.228448,16.820969,118.680747,125.82425,2015.0,2025.0,1.0,0,gbif_sample,26.663474114735923,0.7113386352644627,2380.85,56.629733355840045,0.4359269198148391,"WorldClim 2.1 10-arcmin bio1/bio12/bio15 clipped to SEA bbox (lon 95–141, lat −11–28); stress = niche squeeze + seasonality + thermal anomaly",worldclim_2.1_10m_sea,0.13333333333333333,10.665043922927596,8,WDPCA Philippines polygons (UNEP-WCMC via HDX); license: Protected Planet / WDPA terms — research/education citation required,Point-in-polygon overlap + geodesic-approx distance (degrees→km at lat) to nearest WDPCA polygon; species frac_in_protected & mean_dist_to_pa_km,,,,,not_queried,Set IUCN_API_TOKEN to query API v4. Free signup: https://api.iucnredlist.org/users/sign_up. Do not invent categories.,0.13333333333333333,0.4359269198148391
Pandanus amaryllifolius,pandan,Pandanaceae,fragrant pandan; culinary/traditional — ethnobotany only,SEA_cultivated,not assessed in demo,60,11.742036350000003,122.79762316666665,7.317,18.555,120.463,126.542,2015.0,2026.0,1.0,0,gbif_sample,26.256279850006102,0.5315536297352701,2495.6,57.21988922754924,0.4781548339953641,"WorldClim 2.1 10-arcmin bio1/bio12/bio15 clipped to SEA bbox (lon 95–141, lat −11–28); stress = niche squeeze + seasonality + thermal anomaly",worldclim_2.1_10m_sea,0.18333333333333332,15.66993472311419,11,WDPCA Philippines polygons (UNEP-WCMC via HDX); license: Protected Planet / WDPA terms — research/education citation required,Point-in-polygon overlap + geodesic-approx distance (degrees→km at lat) to nearest WDPCA polygon; species frac_in_protected & mean_dist_to_pa_km,,,,,not_queried,Set IUCN_API_TOKEN to query API v4. Free signup: https://api.iucnredlist.org/users/sign_up. Do not invent categories.,0.18333333333333332,0.4781548339953641
Peperomia pellucida,ulasimang bato,Piperaceae,DOH-approved; gout/arthritis traditional use — ethnobotany only,widespread_tropics,not assessed in demo,60,8.669104083333334,124.69391828333333,6.750129,16.543598,120.976006,126.249175,2026.0,2026.0,1.0,0,gbif_sample,27.181389745076498,0.3092351558144533,2237.233333333333,29.229930210113526,0.4200238109959394,"WorldClim 2.1 10-arcmin bio1/bio12/bio15 clipped to SEA bbox (lon 95–141, lat −11–28); stress = niche squeeze + seasonality + thermal anomaly",worldclim_2.1_10m_sea,0.0,10.207497924160197,0,WDPCA Philippines polygons (UNEP-WCMC via HDX); license: Protected Planet / WDPA terms — research/education citation required,Point-in-polygon overlap + geodesic-approx distance (degrees→km at lat) to nearest WDPCA polygon; species frac_in_protected & mean_dist_to_pa_km,,,,,not_queried,Set IUCN_API_TOKEN to query API v4. Free signup: https://api.iucnredlist.org/users/sign_up. Do not invent categories.,0.0,0.4200238109959394
Phyllanthus niruri,sampasampalukan,Phyllanthaceae,stonebreaker; liver/kidney traditional — ethnobotany only,widespread_tropics,not assessed in demo,33,10.195036696969698,123.51432193939394,6.252,20.450976,120.867,126.317,1907.0,2025.0,0.8181818181818182,0,gbif_sample,26.117233157157898,0.8917162090418363,2854.53125,46.87155103683472,0.39655636401366606,"WorldClim 2.1 10-arcmin bio1/bio12/bio15 clipped to SEA bbox (lon 95–141, lat −11–28); stress = niche squeeze + seasonality + thermal anomaly",worldclim_2.1_10m_sea,0.030303030303030304,19.963851480352485,1,WDPCA Philippines polygons (UNEP-WCMC via HDX); license: Protected Planet / WDPA terms — research/education citation required,Point-in-polygon overlap + geodesic-approx distance (degrees→km at lat) to nearest WDPCA polygon; species frac_in_protected & mean_dist_to_pa_km,,,,,not_queried,Set IUCN_API_TOKEN to query API v4. Free signup: https://api.iucnredlist.org/users/sign_up. Do not invent categories.,0.030303030303030304,0.39655636401366606
Piper betle,ikmo,Piperaceae,betel leaf; oral traditional — ethnobotany only,SEA_cultivated,not assessed in demo,60,12.264403733333333,122.41630536666666,5.066667,20.468586,117.8491,126.317,1911.0,2025.0,0.45,0,gbif_sample,26.239533990116442,1.3139245377221482,2460.6101694915255,57.20241989523677,0.3903107816800991,"WorldClim 2.1 10-arcmin bio1/bio12/bio15 clipped to SEA bbox (lon 95–141, lat −11–28); stress = niche squeeze + seasonality + thermal anomaly",worldclim_2.1_10m_sea,0.15,12.730991946105998,9,WDPCA Philippines polygons (UNEP-WCMC via HDX); license: Protected Planet / WDPA terms — research/education citation required,Point-in-polygon overlap + geodesic-approx distance (degrees→km at lat) to nearest WDPCA polygon; species frac_in_protected & mean_dist_to_pa_km,,,,,not_queried,Set IUCN_API_TOKEN to query API v4. Free signup: https://api.iucnredlist.org/users/sign_up. Do not invent categories.,0.15,0.3903107816800991
Psidium guajava,bayabas,Myrtaceae,DOH-approved; antiseptic traditional use — ethnobotany only,introduced_naturalized,not assessed in demo,60,9.926548416666666,123.76276428333334,6.495284,16.459217,118.903667,126.197773,2026.0,2026.0,1.0,0,gbif_sample,26.21512133280436,1.6468609544600719,2255.633333333333,44.302153778076175,0.32417866900458026,"WorldClim 2.1 10-arcmin bio1/bio12/bio15 clipped to SEA bbox (lon 95–141, lat −11–28); stress = niche squeeze + seasonality + thermal anomaly",worldclim_2.1_10m_sea,0.13333333333333333,9.498601934475575,8,WDPCA Philippines polygons (UNEP-WCMC via HDX); license: Protected Planet / WDPA terms — research/education citation required,Point-in-polygon overlap + geodesic-approx distance (degrees→km at lat) to nearest WDPCA polygon; species frac_in_protected & mean_dist_to_pa_km,,,,,not_queried,Set IUCN_API_TOKEN to query API v4. Free signup: https://api.iucnredlist.org/users/sign_up. Do not invent categories.,0.13333333333333333,0.32417866900458026
Senna alata,akapulko,Fabaceae,DOH-approved Cassia alata synonym; antifungal traditional — ethnobotany only,widespread,not assessed in demo,60,11.379769783333332,122.74927036666666,6.952167,18.395119,118.392942,126.282234,2021.0,2026.0,1.0,0,gbif_sample,26.68338769276937,1.0877878024506478,2298.616666666667,51.93200836181641,0.3767177807195027,"WorldClim 2.1 10-arcmin bio1/bio12/bio15 clipped to SEA bbox (lon 95–141, lat −11–28); stress = niche squeeze + seasonality + thermal anomaly",worldclim_2.1_10m_sea,0.16666666666666666,8.285558913199935,10,WDPCA Philippines polygons (UNEP-WCMC via HDX); license: Protected Planet / WDPA terms — research/education citation required,Point-in-polygon overlap + geodesic-approx distance (degrees→km at lat) to nearest WDPCA polygon; species frac_in_protected & mean_dist_to_pa_km,,,,,not_queried,Set IUCN_API_TOKEN to query API v4. Free signup: https://api.iucnredlist.org/users/sign_up. Do not invent categories.,0.16666666666666666,0.3767177807195027
Tinospora crispa,makabuhay,Menispermaceae,bitter vine; fever/malaria traditional — ethnobotany only,SEA,not assessed in demo,60,10.482368533333332,123.10424296666666,7.040521,14.876,117.83,126.317,1915.0,2026.0,0.8888888888888888,0,gbif_sample,26.484368546803793,0.6477473974111465,2746.15,57.57890464464823,0.45386656977669765,"WorldClim 2.1 10-arcmin bio1/bio12/bio15 clipped to SEA bbox (lon 95–141, lat −11–28); stress = niche squeeze + seasonality + thermal anomaly",worldclim_2.1_10m_sea,0.016666666666666666,13.94690603041798,1,WDPCA Philippines polygons (UNEP-WCMC via HDX); license: Protected Planet / WDPA terms — research/education citation required,Point-in-polygon overlap + geodesic-approx distance (degrees→km at lat) to nearest WDPCA polygon; species frac_in_protected & mean_dist_to_pa_km,,,,,not_queried,Set IUCN_API_TOKEN to query API v4. Free signup: https://api.iucnredlist.org/users/sign_up. Do not invent categories.,0.016666666666666666,0.45386656977669765
Vitex negundo,lagundi,Lamiaceae,DOH-approved herbal; cough/asthma traditional use — ethnobotany only,widespread,not assessed in demo — check IUCN Red List API,60,12.438411866666666,122.49301208333331,6.775416,17.543158,120.17333,125.894,1995.0,2026.0,0.85,0,gbif_sample,26.359524281819663,0.8728993063239738,2601.7,68.95921087265015,0.46841598276067276,"WorldClim 2.1 10-arcmin bio1/bio12/bio15 clipped to SEA bbox (lon 95–141, lat −11–28); stress = niche squeeze + seasonality + thermal anomaly",worldclim_2.1_10m_sea,0.03333333333333333,9.806856860049843,2,WDPCA Philippines polygons (UNEP-WCMC via HDX); license: Protected Planet / WDPA terms — research/education citation required,Point-in-polygon overlap + geodesic-approx distance (degrees→km at lat) to nearest WDPCA polygon; species frac_in_protected & mean_dist_to_pa_km,,,,,not_queried,Set IUCN_API_TOKEN to query API v4. Free signup: https://api.iucnredlist.org/users/sign_up. Do not invent categories.,0.03333333333333333,0.46841598276067276
Zingiber officinale,luya,Zingiberaceae,ginger; digestive traditional — ethnobotany only,cultivated,not assessed in demo,60,11.111420283333333,122.66963051666666,6.671413,16.967943,120.395,125.894,1955.0,2026.0,0.8913043478260869,0,gbif_sample,26.314647579193114,1.5541669243010765,2429.05,57.05789119402568,0.37119798292156986,"WorldClim 2.1 10-arcmin bio1/bio12/bio15 clipped to SEA bbox (lon 95–141, lat −11–28); stress = niche squeeze + seasonality + thermal anomaly",worldclim_2.1_10m_sea,0.03333333333333333,15.00351775576755,2,WDPCA Philippines polygons (UNEP-WCMC via HDX); license: Protected Planet / WDPA terms — research/education citation required,Point-in-polygon overlap + geodesic-approx distance (degrees→km at lat) to nearest WDPCA polygon; species frac_in_protected & mean_dist_to_pa_km,,,,,not_queried,Set IUCN_API_TOKEN to query API v4. Free signup: https://api.iucnredlist.org/users/sign_up. Do not invent categories.,0.03333333333333333,0.37119798292156986
Mentha × piperita,yerba buena,Lamiaceae,DOH-listed mint complex; analgesic traditional use — ethnobotany only,cultivated,not assessed in demo,0,,,,,,,,,,0,no_occurrences,,,,,,"WorldClim 2.1 10-arcmin bio1/bio12/bio15 clipped to SEA bbox (lon 95–141, lat −11–28); stress = niche squeeze + seasonality + thermal anomaly",worldclim_2.1_10m_sea,,,0,WDPCA Philippines polygons (UNEP-WCMC via HDX); license: Protected Planet / WDPA terms — research/education citation required,Point-in-polygon overlap + geodesic-approx distance (degrees→km at lat) to nearest WDPCA polygon; species frac_in_protected & mean_dist_to_pa_km,,,,,not_queried,Set IUCN_API_TOKEN to query API v4. Free signup: https://api.iucnredlist.org/users/sign_up. Do not invent categories.,,
